Workbook

Sheet Resumen
A1: Resumen ejecutivo
A2: Indicador | B2: Valor
A3: Total facturado (€) | B3: =SUM(Informe1[Total]) -> 37314.94
A4: Stock total (unidades) | B4: =SUM(Informe2[Cantidad disponible]) -> 1316
A5: Importe pedidos pendientes (€) | B5: =SUM(Informe3[Total]) -> 5736.97
A6: Nº de pedidos pendientes | B6: =COUNTA(Informe3[Referencia]) -> 7
A9: Ranking de clientes
A10: Cliente | B10: Total (€)
A11: ='Informe 1 - Ventas cliente'!A2 -> Academia de Idiomas GlobalTalk | B11: =VLOOKUP(RanckingClientes[[#This Row],[Cliente]],Informe1[],2,FALSE) -> 2210.67
A12: ='Informe 1 - Ventas cliente'!A3 -> Arquitectura & Dise�o Morales | B12: =VLOOKUP(RanckingClientes[[#This Row],[Cliente]],Informe1[],2,FALSE) -> 2205.95
A13: ='Informe 1 - Ventas cliente'!A4 -> Centro Deportivo FitLife | B13: =VLOOKUP(RanckingClientes[[#This Row],[Cliente]],Informe1[],2,FALSE) -> 430.76
A14: ='Informe 1 - Ventas cliente'!A5 -> Centro de Formaci�n NextStep | B14: =VLOOKUP(RanckingClientes[[#This Row],[Cliente]],Informe1[],2,FALSE) -> 4404.88
A15: ='Informe 1 - Ventas cliente'!A6 -> Cl�nica Dental Sonrisa Sana | B15: =VLOOKUP(RanckingClientes[[#This Row],[Cliente]],Informe1[],2,FALSE) -> 560.23
A16: ='Informe 1 - Ventas cliente'!A7 -> Colegio P�blico La Encina | B16: =VLOOKUP(RanckingClientes[[#This Row],[Cliente]],Informe1[],2,FALSE) -> 1806.53
A17: ='Informe 1 - Ventas cliente'!A8 -> Constructora Vial Murillo SA | B17: =VLOOKUP(RanckingClientes[[#This Row],[Cliente]],Informe1[],2,FALSE) -> 1292.76
A18: ='Informe 1 - Ventas cliente'!A9 -> Consultora ITSolves SL | B18: =VLOOKUP(RanckingClientes[[#This Row],[Cliente]],Informe1[],2,FALSE) -> 6040.02
A19: ='Informe 1 - Ventas cliente'!A10 -> Distribuidora Alimentos Norte SA | B19: =VLOOKUP(RanckingClientes[[#This Row],[Cliente]],Informe1[],2,FALSE) -> 2887.06
A20: ='Informe 1 - Ventas cliente'!A11 -> Editorial P�ginas Vivas SL | B20: =VLOOKUP(RanckingClientes[[#This Row],[Cliente]],Informe1[],2,FALSE) -> 2657.64
A21: ='Informe 1 - Ventas cliente'!A12 -> Estudio Jur�dico Pe�a & Asociados | B21: =VLOOKUP(RanckingClientes[[#This Row],[Cliente]],Informe1[],2,FALSE) -> 1040.6
A22: ='Informe 1 - Ventas cliente'!A13 -> Gestor�a Fern�ndez e Hijos SL | B22: =VLOOKUP(RanckingClientes[[#This Row],[Cliente]],Informe1[],2,FALSE) -> 992.2
... A27: ='Informe 1 - Ventas cliente'!A18 -> �ptica Visi�n Clara | B27: =VLOOKUP(RanckingClientes[[#This Row],[Cliente]],Informe1[],2,FALSE) -> 177.87
A30: Stock por almacén
A31: Almacén | B31: Unidades
A32: Almacén Central | B32: =SUMIFS(Informe2[Cantidad disponible],Informe2[Almacén],"Almacén Central") -> 1316
A33: Almacén Auxiliar | B33: =SUMIFS(Informe2[Cantidad disponible],Informe2[Almacén],"Almacén Auxiliar") -> 0
A36: Pedidos pendientes
A37: Nº pedidos pendientes | B37: 7
A38: Importe total pendiente (€) | B38: =SUM(Informe3[Total]) -> 5736.97

Sheet Informe 1 - Ventas cliente
A1: Cliente | B1: Total
A2: Academia de Idiomas GlobalTalk | B2: 2210.67
A3: Arquitectura & Dise�o Morales | B3: 2205.95
A4: Centro Deportivo FitLife | B4: 430.76
A5: Centro de Formaci�n NextStep | B5: 4404.88
A6: Cl�nica Dental Sonrisa Sana | B6: 560.23
A7: Colegio P�blico La Encina | B7: 1806.53
A8: Constructora Vial Murillo SA | B8: 1292.76
A9: Consultora ITSolves SL | B9: 6040.02
A10: Distribuidora Alimentos Norte SA | B10: 2887.06
A11: Editorial P�ginas Vivas SL | B11: 2657.64
A12: Estudio Jur�dico Pe�a & Asociados | B12: 1040.6
A13: Gestor�a Fern�ndez e Hijos SL | B13: 992.2
... A18: �ptica Visi�n Clara | B18: 177.87

Sheet Informe 2 - Stock actual
A1: Almacén | B1: Ubicación | C1: Producto | D1: Cantidad disponible | E1: Unidad
A2: Almacén Central | B2: AC/Stock | C2: [LEN-IP3-001] Portátil Lenovo IdeaPad 3 | D2: 15 | E2: Unidad
A3: Almacén Central | B3: AC/Stock | C3: [HP-15S-002] Portátil HP 15s | D3: 10 | E3: Unidad
A4: Almacén Central | B4: AC/Stock | C4: [ACE-AS5-003] Portátil Acer Aspire 5 | D4: 8 | E4: Unidad
A5: Almacén Central | B5: AC/Stock | C5: [SAM-M24-004] Monitor Samsung 24" | D5: 20 | E5: Unidad
A6: Almacén Central | B6: AC/Stock | C6: [LG-M27-005] Monitor LG 27" 4K | D6: 12 | E6: Unidad
A7: Almacén Central | B7: AC/Stock | C7: [BEN-M24-006] Monitor BenQ 24" IPS | D7: 18 | E7: Unidad
A8: Almacén Central | B8: AC/Stock | C8: [LOG-TK-007] Teclado Logitech MK470 | D8: 35 | E8: Unidad
A9: Almacén Central | B9: AC/Stock | C9: [HYP-TM-008] Teclado mecánico HyperX | D9: 22 | E9: Unidad
A10: Almacén Central | B10: AC/Stock | C10: [LOG-RM-009] Ratón Logitech MX Master 3 | D10: 30 | E10: Unidad
A11: Almacén Central | B11: AC/Stock | C11: [RAZ-RG-010] Ratón gaming Razer DeathAdder | D11: 25 | E11: Unidad
A12: Almacén Central | B12: AC/Stock | C12: [SAM-SSD-011] Disco SSD Samsung 870 EVO 1TB | D12: 40 | E12: Unidad
A13: Almacén Central | B13: AC/Stock | C13: [WD-SSD-012] Disco SSD WD Blue 500GB | D13: 55 | E13: Unidad
... A49: Almacén Auxiliar | B49: AUX/Stock | C49: (Sin existencias) | D49: 0 | E49: Unidad

Sheet Informe 3 - Pedidos pendientes
A1: Referencia | B1: Fecha pedido | C1: Cliente | D1: Estado | E1: Fecha entrega prevista | F1: Subtotal | G1: Total
A2: PV-2024-024 | B2: 2024-11-12 | C2: Ingeniería Técnica Valdés SL | D2: En tránsito | E2: 2024-11-19 | F2: 2276.2 | G2: 2754.2
A3: PV-2024-025 | B3: 2024-11-14 | C3: Distribuidora Alimentos Norte SA | D3: En tránsito | E3: 2024-11-21 | F3: 540 | G3: 653.4
A4: PV-2024-026 | B4: 2024-11-15 | C4: Gestoría Fernández e Hijos SL | D4: Confirmado | E4: 2024-11-22 | F4: 125 | G4: 151.25
A5: PV-2024-027 | B5: 2024-11-18 | C5: Academia de Idiomas GlobalTalk | D5: Confirmado | E5: 2024-11-25 | F5: 180 | G5: 217.8
A6: PV-2024-028 | B6: 2024-11-19 | C6: Clínica Dental Sonrisa Sana | D6: Confirmado | E6: 2024-11-26 | F6: 145 | G6: 175.45
A7: PV-2024-029 | B7: 2024-11-20 | C7: Óptica Visión Clara | D7: Confirmado | E7: 2024-11-27 | F7: 147 | G7: 177.87
A8: PV-2024-030 | B8: 2024-11-21 | C8: Arquitectura & Diseño Morales | D8: Confirmado | E8: 2024-11-28 | F8: 1328.1 | G8: 1607
